Name,address1,city,zip,country,latitude,longitude,price_level,provider_rating,provider_review_count,review_stats_all_average_score,review_stats_all_count,review_stats_all_total_score,review_stats_community_average_score,review_stats_community_count,review_stats_community_total_score,review_stats_critic_average_score,review_stats_critic_count,review_stats_critic_total_score,review_stats_dave_average_score,review_stats_dave_count,review_stats_dave_total_score
99 Cent Fresh Pizza,473 Lexington Ave,New York,10017,US,40.7536996,-73.9741132,1,4,118,5.666666667,9,51,5.7625,8,46.1,0,0,0,4.9,1,4.9
Nino's 46,39 W 46th St,New York,10036,US,40.7569012,-73.980518,2,4,1055,5.6,2,11.2,0,0,0,4.3,1,4.3,6.9,1,6.9
La Pizza Fresca Ristorante,31 E 20th St,New York,10003,US,40.739047,-73.988895,2,3,143,7.1,1,7.1,0,0,0,0,0,0,7.1,1,7.1
La Gusto Pizza,382 8th Ave,New York,10001,US,NA,NA,1,3.5,28,4.075,4,16.3,4.366666667,3,13.1,0,0,0,3.2,1,3.2
Cheesy Pizza,2640 Broadway,New York,10025,US,40.7971889,-73.9695729,1,3,95,6.12,5,30.6,6.125,4,24.5,0,0,0,6.1,1,6.1
Sal &amp; Carmine's Pizza,2671 Broadway,New York,10025,US,40.7983829,-73.969439,1,4,324,7.435294118,17,126.4,7.45,16,119.2,0,0,0,7.2,1,7.2
MAMA'S TOO!,2750 Broadway,New York,10025,US,40.8008324,-73.9675901,2,3.5,186,7.314285714,14,102.4,7.353846154,13,95.6,0,0,0,6.8,1,6.8
Bond 45,221 W 46th St,New York,10036,US,40.7593741,-73.9861745,2,3.5,600,6.6,6,39.6,6.725,4,26.9,6.2,1,6.2,6.5,1,6.5
Patsy's Pizzeria,2287 1st Ave,New York,10035,US,40.7971469,-73.934857,2,4,759,8.448648649,37,312.6,8.444444444,36,304,0,0,0,8.6,1,8.6
LA Traviata Pizzeria,101 W 68th St,New York,10023,US,40.7750717,-73.980868,1,3.5,157,5.725,4,22.9,6.25,2,12.5,5,1,5,5.4,1,5.4
Percy's Pizza,190 Bleecker St,New York,10012,US,40.7290373,-74.0015817,1,4,211,5.933333333,6,35.6,6.375,4,25.5,4,1,4,6.1,1,6.1
Little Italy Pizza,55 W 45th St,New York,10036,US,40.7564841,-73.9814704,1,4,433,5.807692308,13,75.5,5.941666667,12,71.3,0,0,0,4.2,1,4.2
Re Sette,7 W 45th St,New York,10036,US,40.7559546,-73.9800255,3,3.5,319,7.5,2,15,0,0,0,7.9,1,7.9,7.1,1,7.1
B &amp; W Deli &amp; Pizzeria,373 W 34th St,New York,10001,US,40.7534553,-73.996024,1,3,30,5.6,4,22.4,5.4,3,16.2,0,0,0,6.2,1,6.2
Mediterraneo Restaurant,1260 2nd Ave,New York,10065,US,40.7650144,-73.9608725,2,3,265,5.133333333,3,15.4,3,1,3,6.6,1,6.6,5.8,1,5.8
La Bellezza Pizza,315 Broadway,New York,10007,US,40.7157456,-74.0053843,2,3.5,13,7.3,4,29.2,7.366666667,3,22.1,0,0,0,7.1,1,7.1
Tre Sorelle,61 Reade St,New York,10007,US,40.714805,-74.006577,2,3.5,136,6.9,4,27.6,7.45,2,14.9,6,1,6,6.7,1,6.7
Rubby's Pizzeria,57th St &amp; 10th Ave,New York,10019,US,40.767267,-73.9841435,1,3.5,13,1.2,1,1.2,0,0,0,0,0,0,1.2,1,1.2
Justino's Pizzeria,881 10th Ave,New York,10019,US,40.7695645,-73.9886224,1,3.5,197,4.92,5,24.6,5.3,4,21.2,0,0,0,3.4,1,3.4
Casabianca Pizzeria,503 W 57th St,New York,10019,US,40.7694782,-73.9888845,1,3,48,7.122222222,9,64.1,7.1625,8,57.3,0,0,0,6.8,1,6.8
Sottosuolo NYC,122 E 27th St,New York,10016,US,40.7421252,-73.9836267,2,4,37,6.3,1,6.3,0,0,0,0,0,0,6.3,1,6.3
Mariella Pizza,965 Lexington Ave,New York,10021,US,40.7691562,-73.9628311,1,3.5,101,6.883333333,6,41.3,6.88,5,34.4,0,0,0,6.9,1,6.9
Bella Blu,967 Lexington Ave,New York,10021,US,40.7692221,-73.9628197,3,3.5,212,7.8,2,15.6,8.4,1,8.4,0,0,0,7.2,1,7.2
John &amp; Tony's,1097 1st Ave,New York,10065,US,40.7604259,-73.9616128,1,3,86,6.433333333,3,19.3,6.3,2,12.6,0,0,0,6.7,1,6.7
Il Forno Pizza,343 2nd Ave,New York,10003,US,40.736006,-73.9825421,1,3,49,6.266666667,3,18.8,6.25,2,12.5,0,0,0,6.3,1,6.3
Scarr's Pizza,22 Orchard St,New York,10002,US,40.7153411,-73.991428,1,4,210,7.915789474,19,150.4,7.927777778,18,142.7,0,0,0,7.7,1,7.7
Double Zero,65 2nd Ave,New York,10003,US,40.726083,-73.989775,2,4,395,5.25,6,31.5,4.6,5,23,0,0,0,8.5,1,8.5
Buca di Beppo Italian Restaurant,1540 Broadway,New York,10036,US,40.7580741,-73.9847908,2,3.5,355,4.1,2,8.2,0,0,0,7,1,7,1.2,1,1.2
Picasso Pizza,303 S End Ave,New York,10280,US,40.7103852,-74.0164692,1,3,109,4.74,10,47.4,4.4,8,35.2,8,1,8,4.2,1,4.2
Pomodoro Pizza,14 Rector St,New York,10006,US,40.7080776,-74.0136934,1,3.5,10,5.6,4,22.4,5.1,2,10.2,8,1,8,4.2,1,4.2
SIM PIZZA,90-92 Gansevoort St,New York,10014,US,40.7392955,-74.0087429,1,4.5,78,7.35,2,14.7,7.9,1,7.9,0,0,0,6.8,1,6.8
Steve's Pizza,110 Trinity Pl,New York,10006,US,40.7095045,-74.0120408,1,3.5,162,3.7375,8,29.9,3.957142857,7,27.7,0,0,0,2.2,1,2.2
The Woodstock,446 W 14th St,New York,10014,US,40.7415865,-74.0075955,2,3.5,70,7.266666667,3,21.8,7.2,2,14.4,0,0,0,7.4,1,7.4
The Grotto Pizzeria &amp; Ristorante,69 New St,New York,10004,US,40.63597,-74.1312791,1,3.5,129,5.42,5,27.1,5.95,4,23.8,0,0,0,3.3,1,3.3
Georgio Pizzeria,20 Beaver St,New York,10004,US,40.7048308,-74.0123163,1,3,114,5.9,8,47.2,5.828571429,7,40.8,0,0,0,6.4,1,6.4
Pranzo Pizza &amp; Pasta,34 Water St,New York,10004,US,40.7033479,-74.0108472,1,4,102,6.62,5,33.1,6.8,4,27.2,0,0,0,5.9,1,5.9
Justino's Pizzeria,77 Pearl St,New York,10004,US,40.7040298,-74.01048,1,3.5,112,7.632258065,31,236.6,7.64,30,229.2,0,0,0,7.4,1,7.4
Adrienne's Pizzabar,54 Stone St,New York,10004,US,40.7042482,-74.0101127,2,4,1517,7.033333333,12,84.4,7.236363636,11,79.6,0,0,0,4.8,1,4.8
Open Market,15 William St,New York,10005,US,40.705371,-74.0100717,2,2.5,54,0.1,1,0.1,0,0,0,0,0,0,0.1,1,0.1
Da Vinci Pizza,46 Water St,New York,10041,US,40.7036197,-74.0099715,1,3,18,4.15,2,8.3,5.8,1,5.8,0,0,0,2.5,1,2.5
Cucina Bene,41 Exchange Pl,New York,10005,US,40.705987,-74.010097,1,3.5,91,6.727777778,18,121.1,6.705882353,17,114,0,0,0,7.1,1,7.1
Majestic Pizza,8 Cortlandt St,New York,10007,US,40.7100713,-74.0103149,1,3.5,127,7.062264151,53,374.3,7.003921569,51,357.2,10,1,10,7.1,1,7.1
Underground Pizza,3 Hanover Sq,New York,10004,US,40.7049944,-74.0096537,1,4,261,7.028571429,7,49.2,7.216666667,6,43.3,0,0,0,5.9,1,5.9
Neapolitan Express,40 Wall St,New York,10005,US,40.7068657,-74.0097069,2,3.5,168,7.425,16,118.8,7.38,15,110.7,0,0,0,8.1,1,8.1
Stage Door Pizza,26 Vesey St,New York,10007,US,40.712115,-74.0097029,1,4,225,6.8125,16,109,6.773333333,15,101.6,0,0,0,7.4,1,7.4
Friendly Gourmet Pizza,59 Nassau St,New York,10038,US,40.7092384,-74.0088627,1,3.5,52,6.23,7,43.61,6.5,5,32.5,6.31,1,6.31,4.8,1,4.8
Dona Bella Pizza,154 Church St,New York,10007,US,40.7151451,-74.0079738,1,3,177,6.830769231,13,88.8,6.8,12,81.6,0,0,0,7.2,1,7.2
Harry's Italian,2 Gold St,New York,10038,US,40.7074723,-74.0068304,2,3.5,542,7.8,9,70.2,7.771428571,7,54.4,8.1,1,8.1,7.7,1,7.7
Adoro Lei,287 Hudson St,New York,10013,US,40.7256037,-74.0079092,2,4.5,257,7.733333333,3,23.2,7.7,2,15.4,0,0,0,7.8,1,7.8
Girello,11 Varick St,New York,10013,US,40.71961,-74.0070307,2,3.5,34,6.9,1,6.9,0,0,0,0,0,0,6.9,1,6.9
Little Italy Pizza,50 Fulton St,New York,10038,US,40.7081961,-74.0047955,1,3.5,78,6.4,16,102.4,6.364285714,14,89.1,7,1,7,6.3,1,6.3
Il Mattone West Village,450 Hudson St,New York,10014,US,40.7312196,-74.0065106,0,5,25,7.544444444,9,67.9,7.5,8,60,0,0,0,7.9,1,7.9
5 Boroughs Pizza,386 Canal St,New York,10013,US,40.721287,-74.0049711,1,3.5,25,4.325,4,17.3,4.633333333,3,13.9,0,0,0,3.4,1,3.4
Wild,535 Hudson St,New York,10014,US,40.734617,-74.0063544,2,3.5,358,4.1,1,4.1,0,0,0,0,0,0,4.1,1,4.1
Rossetti's Pizza,114 6th Ave,New York,10013,US,40.7237259,-74.0044625,1,2.5,28,6.2,1,6.2,0,0,0,0,0,0,6.2,1,6.2
Serafina Meatpacking,7 Ninth Ave,New York,10014,US,40.739633,-74.006657,2,3,263,7.6,2,15.2,7.4,1,7.4,0,0,0,7.8,1,7.8
Phil's Pizza,226 Varick St,New York,10014,US,40.7290939,-74.005017,1,4,38,7.45,4,29.8,7.25,2,14.5,7.6,1,7.6,7.7,1,7.7
Saluggi's,325 Church St,New York,10013,US,40.7200998,-74.0035903,2,4,541,7.985185185,27,215.6,7.976923077,26,207.4,0,0,0,8.2,1,8.2
Artichoke Basille's Pizza,114 10th Ave,New York,10011,US,40.7440765,-74.0065507,2,3.5,1454,7.878787879,33,260,7.878125,32,252.1,0,0,0,7.9,1,7.9
Brunetti Pizza,626 Hudson St,New York,10014,US,40.7382727,-74.0053786,2,4,272,7.754545455,11,85.3,7.71,10,77.1,0,0,0,8.2,1,8.2
Gaslight Pizzeria,39 9th Ave,New York,10014,US,40.7407714,-74.0058204,2,2.5,56,4.9,1,4.9,0,0,0,0,0,0,4.9,1,4.9
Emily - West Village,35 Downing St,New York,10014,US,40.7293862,-74.0037767,2,4,424,7.66,10,76.6,7.711111111,9,69.4,0,0,0,7.2,1,7.2
Starbucks Reserve Roastery,61 9th Ave,New York,10011,US,40.7416944,-74.0056597,2,4,153,6.8,1,6.8,0,0,0,0,0,0,6.8,1,6.8
Black Square Pizza,44 9th Ave,New York,10011,US,40.7410115,-74.0048657,2,3,29,6.766666667,3,20.3,7.05,2,14.1,0,0,0,6.2,1,6.2
Bleecker Street Pizza,69 7th Ave S,New York,10014,US,40.7322097,-74.003375,1,4,2000,7.319148936,47,344,7.32826087,46,337.1,0,0,0,6.9,1,6.9
Enzo Bruni La Pizza Gourmet,353 W 14th St,New York,10014,US,40.7409959,-74.0046301,1,4,10,7.985714286,7,55.9,8.05,6,48.3,0,0,0,7.6,1,7.6
Famous Ben's Pizza,177 Spring St,New York,10012,US,40.7249388,-74.0024003,1,3,321,7.786206897,29,225.8,7.775,28,217.7,0,0,0,8.1,1,8.1
John's of Bleecker Street,278 Bleecker St,New York,10014,US,40.7316187,-74.0034468,2,4,1754,8.883098592,568,5045.6,8.882363316,567,5036.3,0,0,0,9.3,1,9.3
Filaga Pizzeria,75 9th Ave,New York,10011,US,40.7424509,-74.0059581,1,3.5,63,7.542857143,7,52.8,7.566666667,6,45.4,0,0,0,7.4,1,7.4
Emmett's,50 Macdougal St,New York,10012,US,40.7273153,-74.0024806,2,4,435,7.885714286,7,55.2,7.9,6,47.4,0,0,0,7.8,1,7.8
Numero 28 Pizzeria - West Village,28 Carmine St,New York,10014,US,40.7300735,-74.0027807,2,4,441,8.6,3,25.8,8.8,2,17.6,0,0,0,8.2,1,8.2
Kest Pizza &amp; Vino,271 Bleecker St,New York,10014,US,40.7315345,-74.0029626,2,4,1333,7.211111111,9,64.9,7.142857143,7,50,8.5,1,8.5,6.4,1,6.4
Jekyll &amp; Hyde,91 7th Ave S,New York,10014,US,40.7327781,-74.0029512,2,2.5,665,1.9,1,1.9,0,0,0,0,0,0,1.9,1,1.9
Intrepid Summer Movie Series,Pier 86 W 46th St 12th Ave,New York,10036,US,40.7645266,-73.9996076,0,3.5,4,2.7,1,2.7,0,0,0,0,0,0,2.7,1,2.7
42nd Street Pizza,647 W 42nd St,New York,10036,US,40.7619108,-74.0001507,2,2.5,76,5.4,2,10.8,0,0,0,5.4,1,5.4,5.4,1,5.4
Corner Slice,600 11th Ave,New York,10036,US,40.7623377,-73.9967579,1,4,74,7.45,12,89.4,7.472727273,11,82.2,0,0,0,7.2,1,7.2
Alphonso's Pizzeria &amp; Trattoria,525 Grand St,New York,10002,US,40.7142926,-73.9817288,1,4,112,5,3,15,4.4,2,8.8,0,0,0,6.2,1,6.2
Canal Pizza,89 Canal St,New York,10002,US,40.7155652,-73.9934694,1,4,9,5.815,4,23.26,7.4,2,14.8,6.76,1,6.76,1.7,1,1.7
Melani Pizzeria,170 Rivington St,New York,10002,US,40.719207,-73.9845869,1,4,58,7.175,4,28.7,5.95,2,11.9,10,1,10,6.8,1,6.8
Speedy Romeo,63 Clinton St,New York,10002,US,40.719503,-73.985142,2,4,256,7.616666667,12,91.4,7.554545455,11,83.1,0,0,0,8.3,1,8.3
Rizzo's Fine Pizza,17 Clinton St,New York,10002,US,40.72084,-73.98434,2,4.5,669,8.13125,32,260.2,8.116129032,31,251.6,0,0,0,8.6,1,8.6
Stanton Pizza,127 Stanton St,New York,10002,US,40.7207424,-73.9866989,1,4,188,3.233333333,3,9.7,3.65,2,7.3,0,0,0,2.4,1,2.4
Solo Pizza,27 Avenue B,New York,10009,US,40.7222599,-73.9829462,1,4,175,5.94,5,29.7,5.9,4,23.6,0,0,0,6.1,1,6.1
La Margarita Pizza,168 Ludlow St,New York,10002,US,40.721395,-73.9874389,1,4.5,259,7.528571429,28,210.8,7.511111111,27,202.8,0,0,0,8,1,8
Luna Ristorante,115 Mulberry St,New York,10013,US,40.7176916,-73.9984062,2,3,132,6.82,5,34.1,7.075,4,28.3,0,0,0,5.8,1,5.8
Rosario's Pizza,173 Orchard St,New York,10002,US,40.7216286,-73.9886492,1,3.5,261,6.058333333,12,72.7,6.145454545,11,67.6,0,0,0,5.1,1,5.1
F &amp; M Slice Pizza,153 Ave C,New York,10009,US,40.7257098,-73.9779639,1,3,12,0.2,1,0.2,0,0,0,0,0,0,0.2,1,0.2
Da Gennaro,129 Mulberry St,New York,10013,US,40.7183603,-73.9979471,2,4,771,6.525,4,26.1,6.633333333,3,19.9,0,0,0,6.2,1,6.2
Margherita NYC,197 Grand St,New York,10013,US,40.7190658,-73.9969894,2,4,269,8.04,5,40.2,8.2,4,32.8,0,0,0,7.4,1,7.4
Il Piccolo Bufalo,141 Mulberry St,New York,10013,US,40.7188558,-73.9979012,2,3.5,220,6.725,4,26.9,5.25,2,10.5,9,1,9,7.4,1,7.4
Da Nico Ristorante,164 Mulberry St,New York,10013,US,40.719646,-73.9969371,2,3.5,649,6.92,5,34.6,7.2,4,28.8,0,0,0,5.8,1,5.8
Little Gio's Pizza,26 1st Ave,New York,10009,US,40.7236857,-73.9877463,1,3.5,24,4.655555556,9,41.9,4.5,8,36,0,0,0,5.9,1,5.9
Lil' Frankie's,19 1st Ave,New York,10003,US,40.7236056,-73.9884144,2,4,977,7.853333333,15,117.8,7.807142857,14,109.3,0,0,0,8.5,1,8.5
Sal's Little Italy,384 Broome St,New York,10013,US,40.7206081,-73.9965332,2,3.5,276,7.75,30,232.5,7.737931034,29,224.4,0,0,0,8.1,1,8.1
Ciao Vineria con Cucina,178 Mulberry St,New York,10012,US,40.7206548,-73.9966534,2,3,166,7.7,1,7.7,0,0,0,0,0,0,7.7,1,7.7
Gnocco,337 E 10th St,New York,10009,US,40.7271342,-73.9802714,2,3.5,410,7.866666667,3,23.6,8.1,2,16.2,0,0,0,7.4,1,7.4
Pasquale Jones,187 Mulberry St,New York,10012,US,40.7210784,-73.9967554,3,3.5,193,8.114285714,7,56.8,8.25,6,49.5,0,0,0,7.3,1,7.3
Lombardi's Pizza,32 Spring St,New York,10012,US,40.7216368,-73.9957205,2,4,5797,7.673529412,34,260.9,7.718181818,33,254.7,0,0,0,6.2,1,6.2
Champion Pizza,17 Cleveland Pl,New York,10012,US,40.7215205,-73.9970345,1,4.5,243,7.25,18,130.5,7.2,17,122.4,0,0,0,8.1,1,8.1
Pomodoro Ristorante &amp; Pizzeria,51 Spring St,New York,10012,US,40.7221166,-73.9963862,1,3.5,323,6.528571429,7,45.7,7.3,5,36.5,5,1,5,4.2,1,4.2
Emporio,231 Mott St,New York,10012,US,40.7225943,-73.9952614,2,4,716,7.1,1,7.1,0,0,0,0,0,0,7.1,1,7.1
Prince Street Pizza,27 Prince St,New York,10012,US,40.7230533,-73.9945497,1,4.5,2591,8.605633803,142,1222,8.605673759,141,1213.4,0,0,0,8.6,1,8.6
Rubirosa,235 Mulberry St,New York,10012,US,NA,NA,2,4,1842,8.6875,40,347.5,8.702564103,39,339.4,0,0,0,8.1,1,8.1
Proto's Pizza,50 2nd Ave,New York,10003,US,40.7253326,-73.9898267,1,4,86,7.283333333,12,87.4,7.290909091,11,80.2,0,0,0,7.2,1,7.2
310 Bowery Bar,310 Bowery,New York,10012,US,40.7249939,-73.9927133,2,3.5,134,7.9,3,23.7,7.8,2,15.6,0,0,0,8.1,1,8.1
La Rossa,267 Lafayette St,New York,10012,US,40.7234824,-73.9964503,0,3.5,15,6.68,5,33.4,7.15,4,28.6,0,0,0,4.8,1,4.8
Stromboli Pizza,83 Saint Marks Pl,New York,10003,US,40.7278516,-73.9853674,1,3.5,206,7.57,20,151.4,7.536842105,19,143.2,0,0,0,8.2,1,8.2
Baker's Pizza,201 Avenue A,New York,10009,US,40.7294404,-73.9812861,1,4.5,175,7.290909091,11,80.2,7.29,10,72.9,0,0,0,7.3,1,7.3
East Village Pizza,145 1st Ave,New York,10003,US,40.7282177,-73.9850845,1,4,174,8.3,44,365.2,8.306976744,43,357.2,0,0,0,8,1,8
Joe &amp; Pat's Pizzeria,168 1st Ave,New York,10009,US,40.728906,-73.9840414,2,4,84,8.664150943,53,459.2,8.669230769,52,450.8,0,0,0,8.4,1,8.4
Muzzarella Pizza,221 Ave A,New York,10009,US,40.730205,-73.9807302,1,3.5,127,7.375,4,29.5,7.633333333,3,22.9,0,0,0,6.6,1,6.6
Sorbillo Pizzeria,334 Bowery,New York,10012,US,40.7260551,-73.9923001,2,4,143,7.92,5,39.6,8.125,4,32.5,0,0,0,7.1,1,7.1
Nick's Pizza,1814 2nd Ave,New York,10128,US,40.7827162,-73.9478073,2,4,489,7.7,5,38.5,8.233333333,3,24.7,7.2,1,7.2,6.6,1,6.6
Pie Pie Pizza,924 Columbus Ave,New York,10025,US,40.7989045,-73.9634659,1,4.5,68,7.4,6,44.4,7.42,5,37.1,0,0,0,7.3,1,7.3
Mama's Pizzeria,941 Amsterdam Ave,New York,10025,US,40.8004768,-73.9653026,1,3,82,6.8,2,13.6,6.7,1,6.7,0,0,0,6.9,1,6.9
PQR,1631 2nd Ave,New York,10028,US,40.7771534,-73.952629,1,4,131,6.88,10,68.8,7.025,8,56.2,6.5,1,6.5,6.1,1,6.1
Vinnie's Pizzeria,1603 2nd Ave,New York,10028,US,40.7762259,-73.9532948,1,3,104,7.135294118,17,121.3,7.16,15,107.4,6.8,1,6.8,7.1,1,7.1
Va Bene,1589 2nd Ave,New York,10028,US,40.775677,-73.9536392,3,3,73,6.4,1,6.4,0,0,0,0,0,0,6.4,1,6.4
Salvo's Pizzabar,1477 York Ave,New York,10075,US,40.7709244,-73.951134,2,4,250,7.808333333,12,93.7,7.809090909,11,85.9,0,0,0,7.8,1,7.8
La Mia Pizza,1488 1st Ave,New York,10075,US,40.771291,-73.95318,1,3,176,7.07,10,70.7,6.75,8,54,10,1,10,6.7,1,6.7
Italian Village Pizzeria,1494 1st Ave,New York,10075,US,40.7714577,-73.9529963,1,3.5,199,7.273684211,19,138.2,7.25,18,130.5,0,0,0,7.7,1,7.7
Buchetta Brick Oven Pizza,201 W 103rd St,New York,10025,US,40.7987416,-73.9673646,2,4,203,6.7,1,6.7,0,0,0,0,0,0,6.7,1,6.7
Broadway Pizza &amp; Restaurant,2709 Broadway,New York,10025,US,40.7996265,-73.9686711,1,3,57,6.6,5,33,6.7,4,26.8,0,0,0,6.2,1,6.2
Saba's Pizza,1217 Lexington Ave,New York,10128,US,40.7770858,-73.9571289,1,3.5,59,7.492592593,27,202.3,7.457692308,26,193.9,0,0,0,8.4,1,8.4
Cafe Viva,2578 Broadway,New York,10025,US,40.7952921,-73.9707437,1,3.5,213,4.8,4,19.2,5.8,3,17.4,0,0,0,1.8,1,1.8
Pizza Park,1233 1st Ave,New York,10021,US,40.764447,-73.958677,1,3.5,280,6.75,8,54,7.142857143,7,50,0,0,0,4,1,4
Pizza Pete's,528 Columbus Ave,New York,10024,US,40.7862402,-73.9725922,1,3.5,136,6.671428571,14,93.4,6.630769231,13,86.2,0,0,0,7.2,1,7.2
Manhattan Brick Oven Pizza,1159 3rd Ave,New York,10065,US,40.7668083,-73.9625052,2,3,16,6.727272727,11,74,6.4,9,57.6,8.5,1,8.5,7.9,1,7.9
Sutton Pizzeria,1140 1st Ave,New York,10065,US,40.7618037,-73.9601575,1,4,93,6.3,1,6.3,0,0,0,0,0,0,6.3,1,6.3
Oath Pizza - East 67th Street,1142 3rd Ave,New York,10065,US,40.7664835,-73.9633564,2,4,69,5.775,8,46.2,5.671428571,7,39.7,0,0,0,6.5,1,6.5
Brooklyn Pizza Masters,1055 1st Ave,New York,10022,US,40.7586551,-73.9630182,0,4.5,82,8.0975,40,323.9,8.087179487,39,315.4,0,0,0,8.5,1,8.5
Made In New York Pizza,421 Amsterdam Ave,New York,10024,US,40.7838392,-73.9775697,1,4.5,127,7.954545455,22,175,7.957142857,21,167.1,0,0,0,7.9,1,7.9
Kiss My Slice,401 E 57th St,New York,10022,US,40.7584227,-73.9626049,0,4,16,4.733333333,3,14.2,3.55,2,7.1,0,0,0,7.1,1,7.1
Farinella Bakery Pizza,788 Lexington Ave,New York,10065,US,40.7637673,-73.967344,2,3,151,6.025,4,24.1,5.966666667,3,17.9,0,0,0,6.2,1,6.2
Cafe Daniello's,1072 2nd Ave,New York,10022,US,40.7587907,-73.9653527,2,3,94,7.657692308,26,199.1,7.64,25,191,0,0,0,8.1,1,8.1
Gato,324 Lafayette St,New York,10012,US,40.7256063,-73.9952614,3,4,1044,8.325,4,33.3,8.333333333,3,25,0,0,0,8.3,1,8.3
Freddie &amp; Pepper's,303 Amsterdam Ave,New York,10023,US,40.7800257,-73.9803588,1,4,423,7.62,45,342.9,7.609090909,44,334.8,0,0,0,8.1,1,8.1
Big Nick's Burger &amp; Pizza Joint Too,70 W 71st St,New York,10023,US,40.7764537,-73.9790728,2,3,362,4.2,1,4.2,0,0,0,0,0,0,4.2,1,4.2
Francesco's Pizzeria,186 Columbus Ave,New York,10023,US,40.775197,-73.980691,1,3.5,194,7.223809524,21,151.7,7.136842105,19,135.6,8,1,8,8.1,1,8.1
Iggy's Pizzeria,173 1st Ave,New York,10003,US,40.7292588,-73.9843651,1,3.5,86,5.82,5,29.1,5.725,4,22.9,0,0,0,6.2,1,6.2
Motorino,349 E 12th St,New York,10003,US,40.7303785,-73.9838136,2,3.5,1055,8.2875,8,66.3,8.385714286,7,58.7,0,0,0,7.6,1,7.6
Il Corallo Trattoria,176 Prince St,New York,10012,US,40.7261754,-74.0019233,2,4,865,7.1,1,7.1,0,0,0,0,0,0,7.1,1,7.1
Arturo's,106 W Houston St,New York,10012,US,40.7273906,-74.0003969,2,4,623,8.066666667,9,72.6,8.285714286,7,58,6.7,1,6.7,7.9,1,7.9
Song E Napule,146 W Houston St,New York,10012,US,40.7281815,-74.0018494,2,4.5,371,8.275,4,33.1,8.45,2,16.9,8.5,1,8.5,7.7,1,7.7
Fiore's Pizza,165 Bleecker St,New York,10012,US,40.7288479,-74.000013,1,4,177,7.15625,16,114.5,7.166666667,15,107.5,0,0,0,7,1,7
Denino's Greenwich Village,93 Macdougal St,New York,10012,US,40.7294111,-74.0011691,2,4,160,8.1875,32,262,8.161290323,31,253,0,0,0,9,1,9
Joe's Pizza,7 Carmine St,New York,10014,US,40.7305876,-74.002141,1,4,2202,8.297520661,121,1004,8.295833333,120,995.5,0,0,0,8.5,1,8.5
Cafe Fiorello,1900 Broadway,New York,10023,US,40.771542,-73.9814645,3,3.5,696,7.55,2,15.1,7.9,1,7.9,0,0,0,7.2,1,7.2
Sfila Pizza,866 9th Ave,New York,10019,US,40.767519,-73.98569,2,3.5,7,7.68,5,38.4,7.633333333,3,22.9,7.8,1,7.8,7.7,1,7.7
Sacco Pizza,819 9th Ave,New York,10019,US,40.7662387,-73.9872728,1,4,365,7.779166667,24,186.7,7.765217391,23,178.6,0,0,0,8.1,1,8.1
Merilu Pizza Al Metro,791 9th Ave,New York,10019,US,40.7652916,-73.9880763,1,4,477,7.773333333,15,116.6,7.623076923,13,99.1,9.3,1,9.3,8.2,1,8.2
Bricco Ristorante Italiano,304 W 56th St,New York,10019,US,40.7660301,-73.984036,2,3.5,126,8.133333333,3,24.4,7.8,1,7.8,9.8,1,9.8,6.8,1,6.8
New York Sal's Pizza,696 10th Ave,New York,10019,US,40.763707,-73.9920697,1,3,54,6.86,10,68.6,6.833333333,9,61.5,0,0,0,7.1,1,7.1
Mariella Pizza,935 8th Ave,New York,10019,US,40.7657404,-73.9838982,1,3.5,206,5.125,4,20.5,5.6,3,16.8,0,0,0,3.7,1,3.7
Luigi's Pizza,936 8th Ave,New York,10019,US,40.7655642,-73.9834047,1,3.5,59,7.724324324,37,285.8,7.705555556,36,277.4,0,0,0,8.4,1,8.4
Luigi's Gourmet Grill,936 8th Ave,New York,10019,US,40.7655642,-73.9834047,1,3.5,169,8,5,40,7.975,4,31.9,0,0,0,8.1,1,8.1
Joe G Pizza &amp; Restaurant,244 W 56th St,New York,10019,US,40.7656166,-73.9830259,2,4,121,6.9,1,6.9,0,0,0,0,0,0,6.9,1,6.9
B Side Pizza &amp; Wine Bar,370 W 51st St,New York,10019,US,40.7638919,-73.9882472,2,4.5,977,6.35,2,12.7,6.4,1,6.4,0,0,0,6.3,1,6.3
Uncle Mario's Brick Oven Pizza,739 9th Ave,New York,10019,US,40.7634874,-73.9891893,2,3,423,7.011111111,9,63.1,7,8,56,0,0,0,7.1,1,7.1
Bella Vita Pizzeria,158 W 58th St,New York,10019,US,40.7656728,-73.9788018,1,3.5,156,5.55,4,22.2,5.466666667,3,16.4,0,0,0,5.8,1,5.8
IPizzaNY,707 9th Ave,New York,10019,US,40.7626772,-73.9900119,1,3,45,5.675,4,22.7,6.866666667,3,20.6,0,0,0,2.1,1,2.1
Serafina Broadway,210 West 55th St,New York,10019,US,40.7644023,-73.9819469,2,3,541,8.966666667,3,26.9,8.6,1,8.6,11,1,11,7.3,1,7.3
Claudio Pizzeria,598 10th Ave,New York,10036,US,40.7603494,-73.9946144,1,3,71,6.52,5,32.6,6.55,4,26.2,0,0,0,6.4,1,6.4
Don Antonio,309 W 50th St,New York,10019,US,40.7627178,-73.9867076,2,4,1293,6.946666667,15,104.2,7.555555556,9,68,5.96,5,29.8,6.4,1,6.4
Angelo's Coal Oven Pizzeria,117 W 57th St,New York,10019,US,40.7649042,-73.9779409,2,4,754,8.633640553,217,1873.5,8.630555556,216,1864.2,0,0,0,9.3,1,9.3
Nizza,630 9th Ave,New York,10036,US,40.759987,-73.9912338,2,3.5,686,6.8,1,6.8,0,0,0,0,0,0,6.8,1,6.8
Z Deli Pizzeria,803 8th Ave,New York,10019,US,40.7614264,-73.9869946,1,3.5,71,3.8,3,11.4,4.15,2,8.3,0,0,0,3.1,1,3.1
Pazza Notte,1375 Avenue Of The Americas,New York,10019,US,40.7635749,-73.9781737,2,3.5,680,6.15,2,12.3,7.5,1,7.5,0,0,0,4.8,1,4.8
Carve,760 8th Ave,New York,10036,US,40.7601189,-73.9872281,1,3.5,345,5.445454545,11,59.9,5.58,10,55.8,0,0,0,4.1,1,4.1
A Slice of New York,727 8th Ave,New York,10036,US,40.7596624,-73.9883351,2,2,136,3.257142857,7,22.8,3.116666667,6,18.7,0,0,0,4.1,1,4.1
PizzArte,69 W 55th St,New York,10019,US,40.7629267,-73.9774423,2,4,981,7.735,20,154.7,7.715789474,19,146.6,0,0,0,8.1,1,8.1
Daniela Trattoria,728 8th Ave,New York,10036,US,40.7592788,-73.9880805,2,3.5,389,5.75,4,23,7.15,2,14.3,5.1,1,5.1,3.6,1,3.6
Capizzi,547 9th Ave,New York,10018,US,40.7574739,-73.9936489,2,4.5,728,7.9,7,55.3,8.033333333,6,48.2,0,0,0,7.1,1,7.1
Patzeria Perfect Pizza,231 W 46th St,New York,10036,US,40.7594681,-73.9867714,1,4,1531,6.616666667,6,39.7,6.85,4,27.4,7.3,1,7.3,5,1,5
Pasta Lovers,142 W 49th St,New York,10019,US,40.7599841,-73.9828704,2,3.5,281,5.65,2,11.3,6.5,1,6.5,0,0,0,4.8,1,4.8
John's of Times Square,260 W 44th St,New York,10036,US,40.7582117,-73.9883958,2,3.5,1953,8.4,121,1016.4,8.405042017,119,1000.2,7.8,1,7.8,8.4,1,8.4
Radio City Pizza,142 West 49th St,New York,10019,US,40.7599841,-73.9828704,1,3.5,48,6.025,12,72.3,5.92,10,59.2,7,1,7,6.1,1,6.1
Tavola,488 9th Ave,New York,10018,US,40.7554122,-73.9945527,2,4,812,5.15,2,10.3,4,1,4,0,0,0,6.3,1,6.3
Vinny Vincenz,231 1st Ave,New York,10003,US,40.7312068,-73.9831636,1,3.5,185,7.496296296,27,202.4,7.461538462,26,194,0,0,0,8.4,1,8.4
Sauce Pizzeria,345 E 12th St,New York,10003,US,40.7304367,-73.9839514,0,4.5,98,8.942971888,249,2226.8,8.94233871,248,2217.7,0,0,0,9.1,1,9.1
Pisa Pizza,321 1st Ave,New York,10003,US,40.7342727,-73.9807805,1,4,32,5.9,2,11.8,3.7,1,3.7,0,0,0,8.1,1,8.1
Frank's Trattoria,371 1st Ave,New York,10010,US,40.7360768,-73.9793407,2,3.5,116,7.871428571,7,55.1,7.883333333,6,47.3,0,0,0,7.8,1,7.8
Pepe Giallo,195 10th Ave,New York,10011,US,40.746892,-74.005017,2,4,553,7.7,3,23.1,7.7,2,15.4,0,0,0,7.7,1,7.7
Don Giovanni Ristorante,214 10th Ave,New York,10011,US,40.7473469,-74.0042175,2,3,241,6.7,5,33.5,7.225,4,28.9,0,0,0,4.6,1,4.6
Ovest Pizzoteca by Luzzo's,513 W 27th St,New York,10001,US,40.7507787,-74.0030054,2,4,486,7.65,2,15.3,8.4,1,8.4,0,0,0,6.9,1,6.9
10th Avenue Pizza &amp; Cafe,256 10th Ave,New York,10001,US,40.748746,-74.0031343,1,3.5,24,5.34,5,26.7,4.95,4,19.8,0,0,0,6.9,1,6.9
Stella's Pizza,110 9th Ave,New York,10011,US,40.7429242,-74.0036349,1,3,117,6.171428571,7,43.2,6.166666667,6,37,0,0,0,6.2,1,6.2
Gotham Pizza,144 9th Ave,New York,10011,US,40.7438893,-74.003031,1,3.5,149,6.9,4,27.6,6.9,3,20.7,0,0,0,6.9,1,6.9
Highline Pizza,503 W 28th St,New York,10001,US,40.7510941,-74.0022306,1,4,106,4.3,3,12.9,5.6,2,11.2,0,0,0,1.7,1,1.7
Rocky's Pizza 14th St,304 W 14th St,New York,10014,US,40.739882,-74.0033717,1,3,137,5.38,5,26.9,6.375,4,25.5,0,0,0,1.4,1,1.4
Village Pizza,65 8th Ave,New York,10014,US,40.7392653,-74.0031865,1,4,122,7.5,5,37.5,7.65,4,30.6,0,0,0,6.9,1,6.9
Pizza Italia,307 W 17th St,New York,10011,US,40.741945,-74.0014362,1,4,196,4.075,4,16.3,4.033333333,3,12.1,0,0,0,4.2,1,4.2
Famous Original Ray's Pizza,204 9th Ave,New York,10011,US,40.7459915,-74.0013473,1,3,106,5.828571429,7,40.8,5.766666667,6,34.6,0,0,0,6.2,1,6.2
Company,230 9th Ave,New York,10001,US,40.7471546,-74.0005218,2,3.5,549,7.2,1,7.2,0,0,0,0,0,0,7.2,1,7.2
Two Boots West Village,201 W 11th St,New York,10014,US,40.7367059,-74.0014372,1,3.5,234,6.6,1,6.6,0,0,0,0,0,0,6.6,1,6.6
Rivoli Pizza,180 7th Ave S,New York,10014,US,40.7360738,-74.0016678,1,3.5,14,6.255555556,9,56.3,6.0625,8,48.5,0,0,0,7.8,1,7.8
Pizza Rollio,261 W 18th St,New York,10011,US,40.7422264,-74.000314,2,4.5,36,6.4,3,19.2,6.3,2,12.6,0,0,0,6.6,1,6.6
Rosemary's Pizza,1 Perry St,New York,10014,US,40.7359857,-74.0009892,0,4,35,7.766666667,3,23.3,7.95,2,15.9,0,0,0,7.4,1,7.4
Teresa's Brick Oven Pizza &amp; Cafe,51 W 51st St,New York,10019,US,40.7603402,-73.9790395,1,3,95,6.592307692,13,85.7,6.533333333,12,78.4,0,0,0,7.3,1,7.3
Pizza Da Solo,550 Madison Ave,New York,10022,US,40.7615215,-73.9735986,2,3,26,7.8,1,7.8,0,0,0,0,0,0,7.8,1,7.8
Kiss My Slice,274 W 40th St,New York,10018,US,40.7557265,-73.9905152,1,4,178,6.488235294,17,110.3,6.466666667,15,97,7,1,7,6.3,1,6.3
Harry's Italian Pizza Bar,30 Rockefeller Plz,New York,10112,US,40.7593755,-73.9799726,1,3.5,125,7.6,15,114,7.621428571,14,106.7,0,0,0,7.3,1,7.3
Upside Pizza,598 8th Ave,New York,10018,US,40.755125,-73.9910524,0,4,55,7.536842105,19,143.2,7.544444444,18,135.8,0,0,0,7.4,1,7.4
Sofia Pizza Shoppe,989 1st Ave,New York,10022,US,40.7566759,-73.9643508,1,4.5,156,7.718181818,11,84.9,7.7,10,77,0,0,0,7.9,1,7.9
Marinara Pizza,985 1st Ave,New York,10022,US,40.7565439,-73.9644294,1,3.5,68,6.9375,8,55.5,6.885714286,7,48.2,0,0,0,7.3,1,7.3
Cassiano's Pizza,930 3rd Ave,New York,10022,US,40.7595458,-73.9683607,1,3,102,6.2,10,62,6.0625,8,48.5,6.9,1,6.9,6.6,1,6.6
Primavera Pizza &amp; Pasta,1005 2nd Ave,New York,10022,US,40.7570286,-73.9672695,1,3,71,6.155555556,9,55.4,6.0875,8,48.7,0,0,0,6.7,1,6.7
Belmora Pizza &amp; Restaurant,139 E 57th St,New York,10022,US,40.761057,-73.9687578,1,2.5,64,5.06,5,25.3,4.725,4,18.9,0,0,0,6.4,1,6.4
Zia Maria-Chelsea,318 W 23rd St,New York,10011,US,40.7454027,-73.9993382,2,4,192,7.575,4,30.3,7.733333333,3,23.2,0,0,0,7.1,1,7.1
Joe's Pizza,211 8th Ave,New York,10011,US,40.743953,-73.999752,1,2.5,48,6.19,10,61.9,6.011111111,9,54.1,0,0,0,7.8,1,7.8
NY Pizza Suprema,413 8th Ave,New York,10001,US,40.750205,-73.995321,1,4,1729,7.891071429,112,883.8,7.888288288,111,875.6,0,0,0,8.2,1,8.2
3 Giovani,548 Laguardia Pl,New York,10012,US,40.7290573,-73.9983778,2,3.5,120,7,2,14,6.3,1,6.3,0,0,0,7.7,1,7.7
Rock Pizza Scissors,Broadway Between 42nd And 43rd St,New York,10036,US,40.757071,-73.9876474,0,3.5,14,6.066666667,6,36.4,5.7,5,28.5,0,0,0,7.9,1,7.9
Ben's Pizzeria,123 MacDougal St,New York,10012,US,40.7303784,-74.0003231,1,3.5,256,5.95,8,47.6,6.028571429,7,42.2,0,0,0,5.4,1,5.4
Olio e Pi,3 Greenwich Ave,New York,10014,US,40.7338794,-73.9999408,2,4,1607,5.75,2,11.5,6.3,1,6.3,0,0,0,5.2,1,5.2
D Napoli Pizza,906 3rd Ave,New York,10022,US,40.758842,-73.9689802,1,3,38,5.2,1,5.2,0,0,0,0,0,0,5.2,1,5.2
My Pie Pizzeria Romana,690 Lexington Ave,New York,10022,US,40.7606993,-73.9695477,1,4.5,633,5.86,5,29.3,6.25,4,25,0,0,0,4.3,1,4.3
Angelo Bellini,224 E 53rd St,New York,10022,US,40.7571427,-73.9684855,2,3,109,6.5,4,26,7.3,2,14.6,5.7,1,5.7,5.7,1,5.7
Pizza By Cert,132 E 56th St,New York,10022,US,40.7603114,-73.9700904,1,4,392,6.9,2,13.8,7.2,1,7.2,0,0,0,6.6,1,6.6
La Vera Pizzeria &amp; Restaurant,922 2nd Ave,New York,10017,US,40.7540761,-73.9688452,1,3,84,6.711111111,9,60.4,6.775,8,54.2,0,0,0,6.2,1,6.2
Aperitivo Pizza Bar,780 3rd Ave,New York,10017,US,40.7550182,-73.9718457,2,3,168,6.8,1,6.8,0,0,0,0,0,0,6.8,1,6.8
La Bellezza,145 E 49th St,New York,10017,US,40.7558161,-73.9720294,1,4,248,7.236,25,180.9,7.2125,24,173.1,0,0,0,7.8,1,7.8
La Trattoria,844 2nd Ave,New York,10017,US,40.7515735,-73.970671,1,2.5,52,6.64,5,33.2,6.6,4,26.4,0,0,0,6.8,1,6.8
Patsy's Pizzeria,801 2nd Ave,New York,10017,US,40.7504432,-73.9720574,2,3.5,210,8.373529412,34,284.7,8.366666667,33,276.1,0,0,0,8.6,1,8.6
Picciotto NYC,300 Park Ave,New York,10022,US,40.7570209,-73.9746695,1,4,15,7.133333333,3,21.4,6.5,2,13,0,0,0,8.4,1,8.4
Jiannetto's Pizza Truck,47th St &amp; Park Ave,New York,10017,US,40.760405,-73.9874535,1,4,20,8.4,6,50.4,8.225,4,32.9,9.4,1,9.4,8.1,1,8.1
Deli On Madison,420 Madison Ave,New York,10017,US,40.7570116,-73.9765061,1,2.5,50,6,2,12,0,0,0,5.9,1,5.9,6.1,1,6.1
Naples 45 Ristorante E Pizzeria,The Metlife Building,New York,10166,US,40.7535178,-73.9767512,2,3.5,345,5.1,1,5.1,0,0,0,0,0,0,5.1,1,5.1
Uncle Paul's Pizza,70 Vanderbilt Ave,New York,10017,US,40.7548319,-73.9768992,2,3.5,323,6.142857143,14,86,6.223076923,13,80.9,0,0,0,5.1,1,5.1
Previti Pizza,123 E 41st St,New York,10168,US,40.7510051,-73.9767973,1,4,380,5,6,30,5.02,5,25.1,0,0,0,4.9,1,4.9
Royal Pizza,592 3rd Ave,New York,10016,US,40.7488024,-73.9762776,1,3.5,109,6.855555556,18,123.4,6.817647059,17,115.9,0,0,0,7.5,1,7.5
Prova Pizzabar,89 E 42nd St,New York,10017,US,40.7527277,-73.9772353,1,3,75,6.019047619,21,126.4,5.878947368,19,111.7,7.3,1,7.3,7.4,1,7.4
Giuseppe's Pizza,341 Lexington Ave,New York,10016,US,40.7496668,-73.9769653,1,3.5,90,6.916666667,6,41.5,7.2,4,28.8,6.5,1,6.5,6.2,1,6.2
Garlic New York Pizza Bar,629 2nd Ave,New York,10016,US,40.7451535,-73.975869,1,3.5,396,7.563636364,11,83.2,7.64,10,76.4,0,0,0,6.8,1,6.8
Lions &amp; Tigers &amp; Squares Detroit Pizza,268 W 23rd St,New York,10011,US,40.7450574,-73.9983379,1,4.5,261,7.517241379,29,218,7.532142857,28,210.9,0,0,0,7.1,1,7.1
Lombardi's pizza,290 8th Ave,New York,10001,US,40.7462466,-73.9974449,0,4,62,7.882352941,17,134,7.86875,16,125.9,0,0,0,8.1,1,8.1
Famous Famiglia Pizzeria,488 8th Ave,New York,10001,US,40.7524427,-73.9930147,1,3,101,6.980769231,26,181.5,6.964,25,174.1,0,0,0,7.4,1,7.4
Famous Amadeus Pizza,408 8th Ave,New York,10001,US,40.7498097,-73.9947843,1,3,206,6.042857143,7,42.3,6.1,6,36.6,0,0,0,5.7,1,5.7
Amtrak,234 W 31st St,New York,10001,US,40.7496468,-73.993399,0,3,345,0.54,2,1.08,1,1,1,0,0,0,0.08,1,0.08
Nicoletta Pizzeria,160 2nd Ave,New York,10003,US,40.7297781,-73.9865052,2,3.5,284,8.183333333,6,49.1,8.2,5,41,0,0,0,8.1,1,8.1
Lazzara's Pizza,221 W 38th St,New York,10018,US,40.7540255,-73.9895336,2,3.5,232,8.511374408,211,1795.9,8.507619048,210,1786.6,0,0,0,9.3,1,9.3
Rocky's Number II,607 2nd Ave,New York,10016,US,40.7443961,-73.976455,1,3.5,286,5.7,7,39.9,6.183333333,6,37.1,0,0,0,2.8,1,2.8
Posto,310 2nd Ave,New York,10003,US,40.7348297,-73.9828007,2,4,580,6.9,4,27.6,6.9,2,13.8,7,1,7,6.8,1,6.8
Patrizia's Pizza and Pasta,462-466 2nd Ave,New York,10016,US,40.7399505,-73.9789431,2,4,491,7.7125,8,61.7,7.685714286,7,53.8,0,0,0,7.9,1,7.9
Mike's Pizza,415 2nd Ave,New York,10010,US,40.7385388,-73.9806841,1,3.5,84,7.4,11,81.4,7.37,10,73.7,0,0,0,7.7,1,7.7
Joey Pepperoni's Pizza,493 2nd Ave,New York,10016,US,40.7409664,-73.9789915,1,4,74,5.4,4,21.6,5.233333333,3,15.7,0,0,0,5.9,1,5.9
Libretto's Pizzeria,546 3rd Ave,New York,10016,US,40.7473317,-73.977338,1,3.5,152,6.390909091,11,70.3,6.64,10,66.4,0,0,0,3.9,1,3.9
Brick Oven Pizza 33,489 Third Ave,New York,10016,US,40.7450509,-73.9782801,1,3,290,7.736363636,33,255.3,7.721875,32,247.1,0,0,0,8.2,1,8.2
Chelsea Pizza 23,268 W 23rd St,New York,10011,US,40.7450574,-73.9983379,1,3,68,5.9,1,5.9,0,0,0,0,0,0,5.9,1,5.9
J's Pizza,98 7th Ave,New York,10011,US,40.7398901,-73.9989915,1,4,113,6.366666667,3,19.1,6.15,2,12.3,0,0,0,6.8,1,6.8
Rocco's Pizza Joint,162 7th Ave,New York,10011,US,40.7421817,-73.9974193,1,3.5,96,7.08,25,177,7.033333333,24,168.8,0,0,0,8.2,1,8.2
